image_name,season
m1r.jpg,Rainy
neemr.jpg,Rainy
1s.jpg,Summer
2s.jpg,Summer
3s.jpg,Summer
4s.jpg,Summer
5s.jpg,Summer
6s.jpg,Summer
7s.jpg,Summer
8s.jpg,Summer
9s.jpg,Summer
10s.jpg,Summer
11s.jpg,Summer
12s.jpg,Summer
13s.jpg,Summer
14s.jpg,Summer
15s.jpg,Summer
16s.jpg,Summer
17s.jpg,Summer
18s.jpg,Summer
19s.jpg,Summer
20s.jpg,Summer
21s.jpg,Summer
22s.jpg,Summer
23s.jpg,Summer
24s.jpg,Summer
25s.jpg,Summer
26s.jpg,Summer
27s.jpg,Summer
28s.jpg,Summer
29s.jpg,Summer
30s.jpg,Summer
1w.jpg,Winter
2w.jpg,Winter
3w.jpg,Winter
4w.jpg,Winter
5w.jpg,Winter
6w.jpg,Winter
7w.jpg,Winter
8w.jpg,Winter
9w.jpg,Winter
10w.jpg,Winter
11w.jpg,Winter
12w.jpg,Winter
13w.jpg,Winter
14w.jpg,Winter
15w.jpg,Winter
16w.jpg,Winter
17w.jpg,Winter
18w.jpg,Winter
19w.jpg,Winter
20w.jpg,Winter
21w.jpg,Winter
22w.jpg,Winter
23w.jpg,Winter
24w.jpg,Winter
25w.jpg,Winter
26w.jpg,Winter
27w.jpg,Winter
28w.jpg,Winter
29w.jpg,Winter
30w.jpg,Winter
1r.jpg,Rainy
2r.jpg,Rainy
3r.jpg,Rainy
4r.jpg,Rainy
5r.jpg,Rainy
6r.jpg,Rainy
7r.jpg,Rainy
8r.jpg,Rainy
9r.jpg,Rainy
10r.jpg,Rainy
11r.jpg,Rainy
12r.jpg,Rainy
13r.jpg,Rainy
14r.jpg,Rainy
15r.jpg,Rainy
16r.jpg,Rainy
17r.jpg,Rainy
18r.jpg,Rainy
19r.jpg,Rainy
20r.jpg,Rainy
21r.jpg,Rainy
22r.jpg,Rainy
23r.jpg,Rainy
24r.jpg,Rainy
25r.jpg,Rainy
26r.jpg,Rainy
27r.jpg,Rainy
28r.jpg,Rainy
29r.jpg,Rainy
30r.jpg,Rainy
1a.jpg,Autumn
2a.jpg,Autumn
3a.jpg,Autumn
4a.jpg,Autumn
5a.jpg,Autumn
6a.jpg,Autumn
7a.jpg,Autumn
8a.jpg,Autumn
9a.jpg,Autumn
10a.jpg,Autumn
11a.jpg,Autumn
12a.jpg,Autumn
13a.jpg,Autumn
14a.jpg,Autumn
15a.jpg,Autumn
16a.jpg,Autumn
17a.jpg,Autumn
18a.jpg,Autumn
19a.jpg,Autumn
20a.jpg,Autumn
21a.jpg,Autumn
22a.jpg,Autumn
23a.jpg,Autumn
24a.jpg,Autumn
25a.jpg,Autumn
26a.jpg,Autumn
27a.jpg,Autumn
28a.jpg,Autumn
29a.jpg,Autumn
30a.jpg,Autumn
